Division,District,Main Points/Highlights
Barishal,Barishal,"Floating Guava Market, Durga Sagar, Oxford Mission Epiphany Cathedral Church, Barishal Divisional Museum"
Barishal,Barguna,"Bibichini Shahi Mosque, Horin Ghata Eco Park, Bihanga Island, Bukabunia Liberation War Memorial"
Barishal,Bhola,"Char Kukri Mukri Wildlife Sanctuary, Manpura Island (sunrise/sunset views), Bir Sreshtho Mostafa Kamal Museum"
Barishal,Jhalokati,"Bhimruli Floating Guava Market, Dawud Shah's Khanqah and Mausoleum, Sheikh Shah Khudgir's Mazar"
Barishal,Patuakhali,"Kuakata Beach (sunrise/sunset views), Rakhain Palli (ethnic community villages)"
Barishal,Pirojpur,"Floating Market in Kuriana (guava gardens), Momin Mosque, 8th Bangladesh-China Friendship Bridge, Pirojpur River View Eco Park"
Chittagong,Bandarban,"Nilachal, Nilgiri, Shoilo Propat, Sangu River, Nafakhum Waterfall, Meghla Tourist Spot, Bandarban Golden Temple"
Chittagong,Brahmanbaria,"Titas Gas Field, Akhaura Railway Junction, Jamia Islamia Yunusia, Haripur Barabari, Hatirpul"
Chittagong,Chandpur,"Hilsa Fish Capital, Meghna River Cruises, Shahid Minar, Amanat Shah Mazar, Rupsa Zamindar Bari"
Chittagong,Chittagong,"Patenga Beach, Foy's Lake, Chattogram War Cemetery, Shrine of Bayazid Bostami, Ethnological Museum, Chandanpura Mosque"
Chittagong,Comilla,"Shalban Vihara (ancient Buddhist monastery), Mainamati War Cemetery, Dharmasagar Lake, Kandirpar Commercial Area"
Chittagong,Cox's Bazar,"World's Longest Natural Sea Beach (Laboni, Sugandha, Kolatoli Points), Marine Drive, Himchori Waterfall & Hill Track, Dulahazra Safari Park, St. Martin Island"
Chittagong,Feni,"Bijoy Singh Dighi, Mubarak Shah Mosque, Rajajhir Dighi, Jamidar Mohammad Ali Chowdhury Mosque"
Chittagong,Khagrachari,"Sajek Valley, Alutila Cave, Risang Waterfall, Panchari Shantipur Aranya Kutir (Buddha statue), New Zealand Road"
Chittagong,Lakshmipur,"Dalal Bazar Zamindar Bari, Jinn Mosque, Raipur Boro Masjid, Meghna River"
Chittagong,Noakhali,"Nijhum Dwip (migratory birds), Gandhi Ashram Trust, Musapur closure (Mini Cox's Bazar), Bozra Shahi Jame Masjid"
Chittagong,Rangamati,"Hanging Bridge (Jhulonto Bridge), Rajban Bihar Pagoda, Shuvlong Waterfall, Kaptai Lake (largest man-made lake), Chakma Rajbari"
Dhaka,Dhaka,"Ahsan Manzil (Pink Palace), Tara Masjid, Lalbagh Fort, Baitul Mukarram, Bangladesh National Museum, Hatirjheel"
Dhaka,Faridpur,"Shohid Smriti Memorial, Padma River, Madaripur Mosque, Gopalpur Temple"
Dhaka,Gazipur,"Bhawal Rajbari, Belai Bill, Bhawal National Park, Bangabandhu Safari Park, Nuhash Polli, numerous resorts"
Dhaka,Gopalganj,"Mausoleum of Bangabandhu Sheikh Mujibur Rahman, Orakandi Thakur Bari, Madhumati River, Baor Lakes"
Dhaka,Kishoreganj,"Sholakia Eidgah Field (largest Eid Jamat), Egarosindur Fort, Isha Khan's Jangalbari Fort, Chandrabati Temple, Haors"
Dhaka,Madaripur,"Shah Madar Dargah Sharif, Padma River, Arial Khan River, Sree Sree Harichand Ashram, Rajoir Zamindar Bari, Jute Industry"
Dhaka,Manikganj,"Tewta Jomidar Bari, Baliati Jomidar Bari, Matta Moth, Paturia Ferry Ghat, Shahid Rafique Library & Memorial Museum"
Dhaka,Munshiganj,"Idrakpur Fort, Padma Bridge & Mawa Point, Bikrampur Museum, Jalalpur Zamindar Bari, Meghna River"
Dhaka,Narayanganj,"Panam Nagar (ancient capital), Bangladesh Folk Art & Crafts Foundation, Kadam Rasul Darbar Sharif, Zinda Park, Hajiganj Fort, Taj Mahal of Bengal"
Dhaka,Narsingdi,"Dream Holiday Park, Shitalakshya River, Danga Jomidar Bari, International Trade Fair"
Dhaka,Rajbari,"Chandana River, Kazi Hedayet Hossain Stadium, Bahadurpur Hena Park, UK BEACH"
Dhaka,Shariatpur,"Padma Multipurpose Bridge, Modern Fantasy Kingdom, Birshrestha Lance Nayek Munshi Abdur Rouf Stadium"
Dhaka,Tangail,"201 Dome Mosque (most domed in world), Mohera Zamindar Bari, Atia Mosque, Jamuna River"
Khulna,Bagerhat,Sixty Dome Mosque (UNESCO World Heritage Site)
Khulna,Chuadanga,"Alamdanga Railway Station, Carew and Company Bangladesh, Datt-Nagar Agricultural Firm, Dhopkhali Shahi Mosque"
Khulna,Jessore,"Michael Madhusudan Dutta Memorial, Benapole Land Port, Monihar Cinema Hall, Chanchra Shiva Temple"
Khulna,Jhenaidah,"Naldanga Rajbari, Shailkupa Shahi Mosque, Pagla Kanai Memorial Complex, Jor Bangla Mandir"
Khulna,Khulna,Gateway to the Sundarbans (World's largest mangrove forest)
Khulna,Kushtia,"Shilaidaha Kuthibari (Rabindranath Tagore's dwelling), Shrine of Lalon Fakir, Islamic University"
Khulna,Magura,"Magura Bus Terminal Jame Masjid, Bir Muktijoddha Asaduzzaman Stadium, Magura Kali Temple, Nabaganga River"
Khulna,Meherpur,"Mujibnagar Complex Museum (birthplace of provisional government), Amjhupi Neelkuthi, Siddheshwari Kali Mandir"
Khulna,Narail,"S M Sultan Memorial Gallery, Bishreshtho Nur Mohammad Stadium, Niribili Picnic Spot"
Khulna,Satkhira,"Sonabaria Moth Bari Temple, Annapurna Temple, Jeshoreswari Kali Mandir, Chaikghariya Twin Shiva Temple"
Mymensingh,Jamalpur,"Jamalpur Gymkhana, Jamalpur Waterfall, Rail Niwas, Old Brahmaputra River, Bahadurabad Ferry Ghat (historical)"
Mymensingh,Mymensingh,"Bishyanath Temple, Boro Masjid, Mymensingh Museum, Lohar Kutir, Soshi Lodge"
Mymensingh,Netrakona,"Birishiri Cultural Academy (ethnic culture), Someshwari River, China Matir Pahar (Kaolin Hills), Dingapota Haor (wetland), Uchitpur Haor (Mini Cox's Bazar)"
Mymensingh,Sherpur,"Madhutila Eco Park, Ghagra Khan Bari Jami Mosque, Mysaheba Jame Masque, Brahmaputra River"
Rajshahi,Bogra,"Mahasthangarh (ancient city remnants), Panch Peer Mazar, Gokul Medh, Kherua Mosque"
Rajshahi,Chapai Nawabganj,"Choto Sona Mosque, Mughal Tahakhana, Darasbari Mosque, Khania Dighi Mosque, Shah Niamatullah's Tomb"
Rajshahi,Joypurhat,"Joypurhat Sugar Mills, Cement Factory, Nandail Lake, Ashranga Lake, Pachbibir Mazar"
Rajshahi,Naogaon,"Somapura Mahavihara (UNESCO site), Kusumba Mosque, Rabindranath Tagore's Patisar Kachari Bari, Dubalhati Palace"
Rajshahi,Natore,"Uttara Gonobhobon, Puthia Rajbari, Patul Mini Cox's Bazar, Baral River"
Rajshahi,Pabna,"Jorbangla Temple, Paksey Hardinge Bridge, House of Suchitra Sen, Anukul Chandra Satsang Ashram"
Rajshahi,Rajshahi,"Puthia Temple Complex, Varendra Research Museum, Bagha Mosque, Padma River, Shaheb Bazar"
Rajshahi,Sirajganj,"Bangabandhu Bridge (Jamuna Bridge), Rabindranath Tagore's Kacharibari, Hatikumrul Navaratna Temple, Loom Crafting Industry"
Rangpur,Dinajpur,"Kantojew Mondir, Ramsagor, Rajbari, Noyabad Mosque, Horinathpur Fortcity"
Rangpur,Gaibandha,"Rajbirat Prasad, Naldanga Zamidar Bari, Bamondanga Zamidar Bari, Shah Sultan Gazi's Mosque, Jamuna River"
Rangpur,Kurigram,"Jamuna River, Dharla Bridge, Mekurtari Shahi Mosque, North Bengal Museum, Bir Protik Taramon Bibi's house"
Rangpur,Lalmonirhat,"Teesta Barrage, Kakina Jomidar Bari, Tushbhandar Jamidar Bari, Mogolhat Port 0 Point, Lalmonirhat Railway Station"
Rangpur,Nilphamari,"Nilsagar, Chini Masjid, Tista Barrage, Uttara Export Processing Zone, Saidpur Railway Workshop"
Rangpur,Panchagarh,"Tetulia Dak Bungalow, Debiganj Karatoya Bridge, Kazi and Kazi Tea Estate, Banglabandha Point (Zero Point), Panchagarh Rocks Museum"
Rangpur,Rangpur,"Tajhat Palace, Rangpur Zoo, Vinnya Jagat Amusement Park, Begum Rokeya Memorial, Chiklee Water Park"
Rangpur,Thakurgaon,"Balia Mosque, Biggest mango tree of Asia, Tangon River, Ramrai Dighi, Haripur Rajbari"
Sylhet,Habiganj,"Tea Museum, Bodhavumi 71, Lawachara National Park, Ratargul Swamp Forest"
Sylhet,Moulvibazar,"Hum Hum Falls, Sreemangal Tea Gardens, Lawachara National Park, Madhobpur Lake, Prithimpassa Jame Masjid"
Sylhet,Sunamganj,"Tanguar Haor, Niladri Limestone Lake, Shimul Bagan, Jadukata River, Barek Tila, Hason Raja Museum"
Sylhet,Sylhet,"Shrine of Hazrat Shah Jalal, Jaflong, Ratargul Swamp Forest, Bisnakandi, Hazrat Shah Paran Mazar Sharif, Madhabkunda Waterfall"